{
  "hash": "6a9373fd",
  "configHash": "2dc2e13b",
  "lockfileHash": "1758104f",
  "browserHash": "34f23d11",
  "optimized": {
    "@angular/core": {
      "src": "../../../../../node_modules/@angular/core/fesm2022/core.mjs",
      "file": "@angular_core.js",
      "fileHash": "1d913741",
      "needsInterop": false
    },
    "@angular/platform-browser": {
      "src": "../../../../../node_modules/@angular/platform-browser/fesm2022/platform-browser.mjs",
      "file": "@angular_platform-browser.js",
      "fileHash": "ab97ea0a",
      "needsInterop": false
    },
    "@angular/router": {
      "src": "../../../../../node_modules/@angular/router/fesm2022/router.mjs",
      "file": "@angular_router.js",
      "fileHash": "fbc2d360",
      "needsInterop": false
    }
  },
  "chunks": {
    "chunk-WKYZXCXI": {
      "file": "chunk-WKYZXCXI.js"
    },
    "chunk-RA33G2A7": {
      "file": "chunk-RA33G2A7.js"
    }
  }
}